Puzzle,Solution
6.5..2..19...4126...2.3.9...3.....5.2....91.3.....8...5...8......9...6....4.26...,645892731983741265172635948436217859258469173791358426567184392829573614314926587
9..........3....7..8.6...2....89.46.45.7.6........2.9786........35........72...83,926587314543921876781643925372895461459716238618432597864379152235168749197254683
.7..6.5..1....7....6.......316..57...........45.....135478..9....1..9..8.8.3....6,873462591125987364964153827316245789798631245452798613547816932631529478289374156
3.8.56...4..91...3.....246.....9.6..61..............2..2....3..19..6..58..62..1..,378456912462917583951832467287594631619328745543671829825149376194763258736285194
...9.....1...25..39..3..54.746.......1..5.6..3.5.......92.63.............3.49..7.,253946781174825963968371542746139825819254637325687419492763158687512394531498276
....3...9.8296.4.....4..2...2.6......79.....36.......2.....3.1.4.6..8...3..2...8.,164832579782965431935471268523689147879124653641357892298543716416798325357216984
.....17.4.......9.....24..8.42.6...........43......9..2.4..783.97.2..1..8.61....7,329581764481736295567924318742369581195872643638415972214657839973248156856193427
....5....1.....8.7...9762...65.9.7.8.........2.7...96......2.84....4.6...8...1...,792158436156324897843976251465293718938617542217485963679532184321849675584761329
.........5....39.8..145.....9..2.68.........5...56.31..4.....6...3..8..1...21.5.3,437982156562173948981456237795321684316849725824567319149735862253698471678214593
..7.........9.741.....5.87.85.3....12..8.95...3.5..7.......2..8..........8.79.23.,917248365568937412342651879854376921276819543139524786793462158425183697681795234
...9.......23......7.......2.6...3.......8..1....13.466.8.....2..4..7.8.32...4.19,561972834842351967973486125216749358435628791789513246698135472154297683327864519
.....3.8998...6..5.5...8.2.6...5........89......1..4..51......23..4.......4961...,462513789987246315153798624629354871741689253835172496516837942398425167274961538
3.61....2.21.9....9.....3..59.....4.6.4...83..1.6.4......3.1.9........8......2..6,346178952721593468958426317592837641674219835813654729287361594169745283435982176
.....58....1.6..43........23...54.....2....1..54.8....84...7251.7.......1.6.....7,439125876721869543568473192317954628982736415654281739843697251275318964196542387
....4.....32............4.5...2.19.4.97......1...9.8..3....4.8.2...351..5..98..42,715842693432569718986713425853271964697458231124396857379124586248635179561987342
..39...4..7.3....26...7...889.2673...3.........2...5...5...346.9.........64...2..,283916745571384692649572138895267314436158927712439586158723469927641853364895271
3........9.5.27.....258......3..412...8....4...423.9..2..4.........73..1.1....5..,371946852985327416642581397593764128728159643164238975236415789459873261817692534
...81....458....2.17............654........63.4..7..8..8.2...1..2..3.7..6......34,263815479458967321179324856832196547715482963946573182387249615524631798691758234
..8.6..1..34..8...9....4.3.......6.......7...6...1.4..1..7.2...4.98....7.279...6.,578263914234198756916574238791425683342687591685319472163752849459836127827941365
..9432.....6.1........6.5..2...5.......1.32.67......5..5.64.7.1...5..69...1.2....,579432168386715429124968573263854917945173286718296354852649731437581692691327845
4.......3..3.8.46....9...7.7....28....9........6..8..7....69.8.......294...34..1.,481726953973581462562934178714652839859473621326198547147269385635817294298345716
.7...25..9.....3..1..76.......39.628....25.9...........8.9.......1....37..3.7..5.,876432519942518376135769482517394628468125793329687145784953261251846937693271854
7..58..49.......68......7.2..57..4....4...6.3........7.4..97.3.2..84.9..6...3..8.,716582349429173568538469712385726491174958623962314857841697235253841976697235184
..4.5..3.....2.4......9.6853.1....69.4.3......9.68..4.........6..5...1....65.4.2.,964857231853126497127493685371245869648379512592681743489712356235968174716534928
...65..872....1..5.65...129....8...3.5.....9.....76.51........271.2.3...9........,193652487278941635465837129621589743357124896849376251536418972714293568982765314
4...5.2.6.3.......6.9.......4...319.17....52.3.......72...4.9.....73.....1.2....5,481359276735462819629817354542673198176984523398125467267548931954731682813296745
..2.....59.31.....8..3.6.....8....1.361.2...72..6.5......2.......5.7.6..7....9..3,612847935973152864854396721598734216361928457247615389439261578185473692726589143
......2.1.1...4...9.5.1.7....859..........9..7.4.......5678...94....65..8.1..5.6.,647359281312874695985612734168597423523468917794231856256783149439126578871945362
.63...5.....15....1.....29.4....69.8.2.8..4.1..1....6.9.......3...5.482.......6..,863492517294157386175683294437216958629875431581349762952768143716534829348921675
.43..69..6.2.5.8...9..7......7.4...8....8......83..62.........6..97.4..2....29.7.,843216957672953841195478263937642518264581739518397624721835496359764182486129375
.9..7...5.3....71....168....7..9.....6.........92.5...68.3...597.35..6..........2,196473285438952716527168493271896534865734921349215867682347159713529648954681372
...5482.7...32.........9.4.8....2.9..4..1.3.....9..8.192.4..15..3..5...4.....3...,196548237584327619372169548813672495749815362265934871927486153638751924451293786
..8.7.2.574..5..3......6...2..1.......3.2....5.4.......8..42..6..6.8........6..57,698374215741259638325816479269137584873425961514698723187542396956783142432961857
...4.8..36...1..54........2........1.32...89.51.....3.1....9.4...81.3...9...25...,291458673687312954345697182876934521432571896519286437123869745758143269964725318
.91.6..7...8.....3.....74..2...........793.6..7..14...4..9...3.....4.......3.628.,391462875748159623625837419213685947584793162976214358467928531832541796159376284
...5..2..9..12...3.8........163..897.7.....6.......32...3..9......25.7....78.153.,734596218965128473281734956516342897372985164849617325153479682698253741427861539
..9....8.6..1....2....9......6..2..712.75.3..53....8....58.....89.6..2.....2.9.1.,319427685654138792782596431946382157128754369537961824275813946891645273463279518
..6.52..1....682............6..2..5.3....51.9..8........9..38.28.35.......1..79..,936752481415968273287431596164329758372845169598176324759613842823594617641287935
93....6.5..2..1.....6.3..7..1.36....27..........492....9.7....45....6...4..51...7,938274615742651938156938472814367529279185346365492781691723854527846193483519267
6......7.578.....3.....2..67.62...5..5..613..23..789..9.....6......1....3....75..,629183475578496213143752896796234158854961327231578964987325641465819732312647589
93.5...626...........1.3...2..93...4.7.45..1...........13..6.....9...4.7.2.7.....,931574862657829341842163795285931674376452918194687253713246589569318427428795136
39.587....84......75...4..9....38...97.2....58.............51.....1...3..4.97.2..,392587461684391527751624389415738692973216845826459713239865174567142938148973256
.....7.9.1.2..875...712..8.3...8.4..7.5...2..8.13.2.....8.13...............5.9.2.,483657192162938754957124683326785419795461238841392567578213946219846375634579821
172..............26.....1..2.6..5....3.2..75..1..4.....5167.3....35...8........74,172963845345187962689452137296735418834219756517846293451678329723594681968321574
9.85...1.5.72......4........71.8.4.........5......4.2.48..1..79.3...9.4.....5.1.2,928543716517296384643871295271985463394627851856134927485312679132769548769458132
........3.5...3....4..891...3....4717..4..5............913.5.27..8.91.....5..79..,186524793957613248243789156832956471719438562564172389691345827478291635325867914
.73.........9....89..7.86...4.8....9......7.1.....5.4.1...9......5.1.4..7....3.5.,873146925461952378952738614347821569528469731619375842136594287285617493794283156
..4.1.........63........2...1.3...2....875.......6...55....28.42.......3.68.475..,824713659957426381136589247615394728492875136783261495579132864241658973368947512
......16.7........2..15..93.......5.....2...7.5..9.3411....7....3.4....2..59....4,543279168719368425286154793397841256461523987852796341124687539938415672675932814
.85....1....8..6.597.3........26...8......1....2.....6..3...9...5.73..8.21.69..7.,485926317321847695976315842134269758867453129592178436743582961659731284218694573
8..12..54......3.2.....5.....1.47..6.7.6.1......3.......64..53.1.2..38......7....,839126754615784392427935618351247986978651423264398175786412539192563847543879261
7...8.2.3.54..3..6....6.4..6......51.87....4.5..4..7..43.2...6...63.......1......,769584213254193876318762495643827951187935642592416738435278169926341587871659324
............49...36.....59...3.6..47....5.........73....62..8..94..7..2.2.7..4..6,795136482821495763634728591583961247479352618162847359356219874948673125217584936
2.17...3.......5...7..3.1.4.....8.....6...7.1..3.1..2813..8.2.78.4..6..3.........,251749836349861572678235194712658349486392751593417628135984267824576913967123485
...75...31....2...78..4.......6.15.25.2.....7....8.6...58.......2.5.4.......237..,296758413145392876783146259834671592562439187971285634458967321327514968619823745
.3...1.24..........9..28.5.32..4...18.7.3.....4.5..3..28..5.....7..14...4...7..3.,538761924762495813194328756326947581857132469941586372289653147673814295415279638
.....34.......9..1.1.2...3.....4.5.9...7.........9.814..3..8.529.1..4..3..51.....,278613495356479281419285637132846579894751326567392814743968152981524763625137948
3....452........6..5......3...2.36...956...3..7.9...45.....9....6......1714....5.,381764529927531864456892713148253697295647138673918245532179486869425371714386952
...28.......95.1.391.........8.2.......6438.13......9.28.51..4.......2.64.3......,534281967876954123912367485658129734729643851341875692287516349195438276463792518
..9538....7........36.9.......3...49.....2.6...4..6..5..8.634....278....69...57..,429538176571624938836197524267351849915842367384976215758263491142789653693415782
..5....211...6.......7.5....745....8...1.2....6..9..5.682...........7....5.4...8.,795348621143269875826715394974536218538172469261894753682953147419687532357421986
.....82...8...2.13.......4.6..4..1...3.7...6..7..5......85..37..21.6......7.1...6,746138295589642713213975648692483157835791462174256839468529371921367584357814926
....3251....6.......87........26..3..5...897.6.3..58.........6......71..3.182....,476932518529681347138754692817269435254318976693475821785193264962547183341826759
6..1...25.89....34..14.....45.6..2............62..38...1..84.....6..2...345......,634178925789265134521439678458697213973821456162543897217384569896752341345916782
4.852....29..6.7....64......2......8.......5...3....97.5.83...2...6....3.79..25..,418527369295368741736491825924756138167983254583214697651839472842675913379142586
...36.5.4....41.....8.......5...34..7.2.....1.6.2..3.8.....6......45.2....6.8.14.,217368594593741862648529713851673429732894651964215378425136987189457236376982145
..6..7.2...23..5.7.1.......7.......9.9....2.6.6.8..37...91.5.......3...8..1.8.6.3,536947821942318567817256934758623419193574286264891375389165742675432198421789653
..42...5........9..1.6..27.8..75.6....2.......65.2..18.76...94..2...45..........1,684297153237541896519638274841753629792816435365429718176385942923164587458972361
...25.1....2.945...431......94...2....1.....9.5.......1....3.28.28.69..3.....16..,976258134812394576543176892394617285281435769657982341165743928728569413439821657
.....612..6.18............5.3.5..71..27.6..83....34...6....7...1.2....7....2...48,398456127765182394241379865439528716527961483816734952654897231182643579973215648
31.9.7..8.......9..86.......9.5.....6.......747.1.....5..4...31...3.157......68.4,315947268742638195986215743291574386653892417478163952527489631864321579139756824
..9...3..35.....7..1...5.....61....7.835...4.....8..1.....189..6.......3.9.....68,469721385352896471817435692526149837183567249974283516735618924648972153291354768
3...9.....4..2.8.7.51...9.....5.1...1.3.74....7..8...4...9.......8.3......4.18..9,327896145946125837851743926489561372163274598275389614612957483598432761734618259
...8.........4..922..51.........5.1..2..6........814.6.6.....84..1.9....9.8..435.,619832745583746192247519863836475219124963578795281436362157984451398627978624351
..6579............5.9....32...3...5..6........15..7.8..52..17.....8.....3.1.2...9,236579418184632597579184632728316954963458271415297386852961743697843125341725869
......1..8.42...7........8.........87....6.9.2.659..4.97.8.246.4....5.1.1..67.5..,329768154814259376657341982591427638743186295286593741975812463462935817138674529
..872..........3.2......14.24..3...675..84.1.8.356..2..............4..57...6.5...,438721695691458372527396148249137586756284913813569724375812469162943857984675231
4.....6....3....5..8.1...24.5.2..1.62....3......86........8......83169....1.95...,492578613173624859685139724859247136216953478347861295934782561528316947761495382
...6.4........3..9..9...6.25.37.....7.25..1.4.....1.57....52..3...4.....6..13..2.,258694371476213589139875642513748296782569134964321857841952763327486915695137428
....8..45...1.....52.7.46..6.2.......1.......4.8...29.87.2.....2.....7.....5..4.1,167982345384165972529734618692857134713429856458316297871243569245691783936578421
36...5...7..91..3.5.43...78......9..4..5.3....85.4.......4..6...4....8.9..6.....5,361785492728914536594326178632178954479563281185249367857491623243657819916832745
.......1.3......2..45.8.......2.1.76..7.54..26...7.4...6.8.32..58..4......3....6.,296435817378169524145782693854291376937654182621378459769813245582946731413527968
9.......6...4.6.....1..8..9679.31........9...18........37.1..2....8...67....2.4.3,954172836328496715761358249679231584243589671185764392437615928592843167816927453
2............3.5....36.....3...72...7...9.1.34.2..1.676.5..4.1..7.......9..51....,289145736167938542543627981316872495758496123492351867635784219871269354924513678
.....1.9....4...63..7.....27.4..2...6.....7..2.5.1.9...6......5..9..5.461.36.4.7.,346281597928457163517369482734892651691543728285716934462978315879135246153624879
.6.8....37.46.25...2..4...7..2...9.....3.4..8....5.7......764.....283.9......9...,165897243784632519923145867512768934697324158348951726239576481471283695856419372
4..29....23..84.....9.......849..1..7.1...5.......7..3....2.38...2.7..9.........4,418295736237684951659713428384956172761832549925147863596421387142378695873569214
..2....955.......7.......2.9..5.2..8....73....8.4....24......7937...185...97..213,642187395593624187718935426934512768265873941187469532421358679376291854859746213
7..3.6....6.1.....4....5.7.....23.4..........32..8.1....5..2....41..7.3.83.5..62.,789346251562178493413295876158623947976451382324789165695832714241967538837514629
..2.81...9..4.2..5.1.6.97..16...45.2.......94..9...1....8...6.96......5..91...27.,752381946936472815814659723167934582285716394349825167528147639673298451491563278
..5.2...1.294..37.1...3......1......3.2.7.....941...2.......7.....8..4...8.2...59,735926841629418375148735296871692534362574918594183627956341782217859463483267159
.9.7...3..3..6......19....696..2.....28......3....975.......1...7.5.3.6..8..1...3,496752831832461597751938426967125384528374619314689752243896175179543268685217943
3.7......65.....74.......38..3.......6.4....95.179.........7.96..4.31.8.7.....4..,317864925658329174429175638973586241862413759541792863185247396294631587736958412
.....7981.3....76.....1...4.435.....5....341.619.......57...8..8......9....75....,425367981931485762786219354243591678578623419619874235157946823864132597392758146
.....7......9......7..34..86....2..438.49...79.........1..........6.82....9.1..3.,493867152568921473172534968657182394381496527924753681216379845735648219849215736
.......726572..8.4.1........35...4...8.65.2..7......1....1.....14..8...6.6...754.,894536172657291834213478659935712468481653297726849315572164983149385726368927541
8.......75......1..14..........75..8..5..14....94.83.......4.2..725.3......81..9.,823159647597346812614287935341975268285631479769428351138794526972563184456812793
8.....2..3967....8.5...........6...3.6...79....825...1...1...57..9......2376.....,871536294396724518452819736725961843163487925948253671684192357519378462237645189
..9..2..48.4..6....7.3........8...4.9.6...3...3.4...26.....7..378.....6.1...8.4..,359172684824956137671348295217863549946725318538491726492617853785234961163589472
..6..2.757...36..4.8..5.6......7.....1.5..83...2....4.1........675..........87.6.,946812375751936284283754619869473152417529836532168947128645793675391428394287561
.68.9......3..4..99....1....5.6...23...15..84.213..9..13.9.............2.......3.,468297315513864279972531468854679123396152784721348956135926847687413592249785631
......4.8.....4.1..4....537.8..2.154...837..6..........28.7....6.......543..16.2.,312795468875364912946182537783629154154837296269451783528973641691248375437516829
9..7.......2......3.8..14...2....8.6..6..5.1........278....713..6....7..25..3...9,915743268642598371378261495521379846786425913439816527894657132163982754257134689
....42........34....96.......8.....4.359...7.9...6.....5.3.6..26.....5..4...5.3.8,187542639526793481349681725768235194235914876914867253851376942693428517472159368
.....3..52.....7......59.4369......8....3..5...4..762...58...........4..86...2...,948713265253468791176259843691524378782936154534187629425871936317695482869342517
.........3...2.84.1..36.....1..89..6..2..6.....825.9.1..15..........3...89....6..,729845163356921847184367592415789326972136458638254971261598734547613289893472615
2...5..1..3..4.67..69.1......792.56.6..1....99.....4...1..6...4..4...7...........,248657913135849672769312845487923561653174289921586437512768394894231756376495128
.73.........7...21....56...5..2.1.7.....458.........3....81....1.2...468.4.6....3,673128549854739621219456387536281974927345816481967235365814792192573468748692153
87.....5.....54.1...19.....12.6.5...6..428........1...5..7......89.....6.....2.8.,874216953396854217251937648128695374637428195945371862562789431789143526413562789
..6..958..351..7.....8.2.1.......6..9....6....1.3....8..3.1.8......7..9...9..3...,126739584835164729497852316358491672972586431614327958263915847541678293789243165
5...4...894.7....6....6.1..2....95....5...4.......8.72....52..........2486......5,526941738941783256783265149278419563395627481614538972439852617157396824862174395
9...1..42..7....9...........28.....1.4..51.2..964..8..4............9..1..8.6...7.,965318742817246593234579186528967431743851629196432857479183265652794318381625974
.8.......1.......536............2.1..73.1..866...8.543....743...3.8...71..8.21...,285193467149267835367548192854632719973415286621789543516974328432856971798321654
.9.3...8.3..17..2..7..8.41.1....28..64............8....6.9.....827..61....3....4.,291364587384175926576289413139742865648593271752618394465921738827436159913857642
.....1.......3..8.2...4..5..8...42..9.2.5...751.79.3.....17.....73...9..8..3.....,738561429459237186261948753387614295942853617516792348625179834173485962894326571
....9...1.197...38...3.12.....5........9.7.6.5.3.8...7..26...59........3.6..2....,236895741419762538758341296671534982824917365593286417342678159187459623965123874
..3..2...5.2..6........95..3......87..75..6.2....9....71.28.....281...5......5...,463852971592716843871349526359621487147538692286497135715284369928163754634975218
5...17.6........2..9..48..18.....4....1.....7.......567....6..94.2...5....9..2.4.,538217964174693825296548731857361492641925387923874156785436219462189573319752648
4...8.9....1......6.2.9.7..9..2...6.1....4......3....8817.......3......1.....7.82,475681923391752846682493715953278164128964357764315298817526439236849571549137682
.......2...1..247.....1...8.4.9.513.......842.23......83..415.7..42......9..5....,485763921361892475279514368748925136956137842123486759832641597514279683697358214
1..9..6....6.......94..5...3.5...42..42.3...8.....4..1.......8..894..5.225......9,127948635536172894894365217315897426642531978978624351461259783789413562253786149
5.8.3.4.....27..9..3..8.5..1......23.2....71.......9.5.15.....79.........73.42...,598136472461275398732984561157498623829653714346721985215369847984517236673842159
.2.6...1..63......5..18.7.....72...44......8...73.5162..18.........67......2...5.,728634915163579248594182736615728394432916587987345162241853679359467821876291453
..5.2.3..2....9.7..1...7.8.19..5........4.1..3.....74....3....7...1.5.9.5.......4,975428361238619475416537982194756823867243159352891746629384517743165298581972634
86....5.7.....69..9..72....47..........4..3...3..8...2.86..34..2....4..67.5.....3,862349517317856924954721638479632851528417369631985742186293475293574186745168293
..9...3...7...5.4.......1.75..6.......6...9.......4.5..9..4...634.......6..519..8,169487325273165849458923167514698273736251984982734651895342716341876592627519438
35.8...6.4......2....2..9.....7..6.9..6.3..8..7.9...3...4..5.........87.5...6...3,352819467489657321761243958235784619946531782178926534824375196613492875597168243
..5....71...1..3.5..9....64....1....65...8.1...7....43..4.9...8.3..85...7......9.,325864971476129385819573264248317659653948712197256843564792138931685427782431596
63....7.1........39..8.......71.58..8.6..715.....4.....9..3....1......964.8......,635429781281576943974813265347165829826397154519248637792634518153782496468951372
9..4.......8.6..1.....18.6..5...49.8.....1..223.....51....3.28.31..82......9.....,961473825548269317723518469156724938879351642234896751495137286317682594682945173
......21.7.........3.41875...4..9.78......4........9.1.87.3....14..8....3.9.418..,458673219761295384932418756214359678893167425675824931587936142146782593329541867
5.........84.5...39....6...83...41..6.5.382..2..6..5........32..2.....64.......9.,562413987784952613913786452839524176675138249241679538497861325128395764356247891
..6.....4...4.1......96.2...9.....3...26.3..7.412....8...1.........87.9.7.3......,916732584238451769574968213697845132852613947341279658489126375125387496763594821
....9....6.7.1..8.23....7.13.1.68..2.68.41..7............78....894............1..,185697324647312985239854761371568492968241537452973816513786249894125673726439158
..9.....8.2..9..1.15.3874..9.......4.7....5.381..3...9...42....5............58..1,739142658428596317156387492963875124274961583815234769681423975542719836397658241
.7........35.........4....58...743..6....31.....68..5.5..1...37.2......6.1.8.62..,276915483435768921189432675891574362657293148342681759564129837928347516713856294
.9....3.5..49.....57..32.1.1.2...5..7............1.83.2...7..9..43.....7......154,691487325324951768578632419182349576736528941459716832215874693943165287867293154
59.26...1...49...8..81....216.......4...26.1........7.....5....2.5.....9.4...16..,594268731721493568638175492163789254479526813852314976386952147215647389947831625
..18..9..6.9..4..578......4...1.84...9...581.1..6..5.2.........4.6.9.......4....7,541827963629314785783956124265138479394275816178649532937582641416793258852461397
.4...95.6...7...427.3..5.......9..3...51...9..............3.12.2....49..1.79.....,841329576659781342723465819418296735365178294972543681594637128236814957187952463
.28...6.4......3.84..9......691...3...5..9.8...138.2..........2...24...1.....5...,528731694697524318413968725869152437235479186741386259354817962986243571172695843
..5..3.9...3.29....9..4..61........426..5..38......51..56.328....9...1.6.2.......,645813297713629485892547361531298674267154938984376512156732849379485126428961753
.2......5....1.2.....7...461...5.72......4.6.....96..8.8.4.5.1.......58.7.......4,328649175476518293519732846164853729895274361237196458683425917941367582752981634
.729..4.3......29..5......7......64..235......9........4...7...5.68..9....7..65.2,172968453368745291954123867781239645623584719495671328249357186536812974817496532
..3.....6...731...4......1...967.....81..4.9........4..26.1.9..1.7.92..4......18.,713945826268731459495286713549678231681324597372159648826413975157892364934567182
...........38..16...6.1.58...7...3.4..1...7.8.......1..1.7.48.9.9..53...6....9..5,128536947953847162746912583287691354461325798539478216315764829894253671672189435
.2...8...6...42......39.2.......6.4.5...3.......75...6.6.....8...3...7299..5...34,129678453635142978478395261397816542546239817281754396764923185853461729912587634
....1.........9...1.8.5.9......87..6...3...8...4.6.17335.6..8......9...5.8..3.6.9,935716428276849351148253967513487296697321584824965173359674812462198735781532649
...37.2..1...8.76...69.....6......127.912..8...4..3.......9...........769...3..4.,498376251132485769576912834683759412759124683214863597847691325321548976965237148
1.......7....2..1.4......53.52.783.....3.5..8....4.....3.71......5..4.61....62...,128453697563927814479681253952178346746395128381246975634719582295834761817562439
....47..27..2.5.3....6..4....5..4.......3..5..2..7.9..3..8..5..25.....648....27..,586347192794215638132689475975124386418936257623578941347861529251793864869452713
78....4..2.4.........3...85..1..87...479.....9....3......4....9..3..2...42..351.7,785219436234586971196374285351648792847921653962753814518467329673192548429835167
8..5.4...42..19....1..6..8.5....89...4.........3......3.1...4...94...2.6......5.1,836574129427819365915362784572648913649231857183957642351726498794185236268493571
2....4...........37......5.....8..4.......3.13..94.7....3..157.....28..4.15..9.28,256394817148657293739812456672183945594276381381945762823461579967528134415739628
...32..9......812...45.....1.247...9.......18..7..5......28..3..9...4....7....481,718326594659748123324591867182473659435962718967815342541287936896134275273659481
.6....27817.....6......6.........8.47...84.1..3.1...25.......53.1.......4...7.1..,569341278173825469248796531621537894795284316834169725987412653312658947456973182
..1..7..4.......1.6...5...23.........6.....25.97..4..3.35.6.1..7.....5.6.....1...,821937654953426718674158392342685971168793425597214863235869147719342586486571239
37........1..43...5......7.8.6.2..1.2.....8...4.5.............3.2.1.7.6..653...4.,379815426612743589584296371836924715257631894941578632798462153423157968165389247
.....1....3......128...7.9...47...1.....35.2881.2....97...23.....29.8..5.........,465891237937652841281347596524789613679135428813264759796523184142978365358416972
46..98.3..1.......58.61..9......2...9...541......6....2..3...8.....49...1.....45.,462798531319425768587613294751932846926854173834167925245371689678549312193286457
4.....2.6.86.......5....43..9...2....387...4.5.7.9...2....8.96....5.3...7......58,473915286186234795952876431691452873238761549547398612325187964869543127714629358
.9.1..6.818.4...9.7...2.......9.72.5........14.62.17..8....5............2.....5..,594173628182456397763829154318967245927534861456281739831695472645712983279348516
.9.47.......13....2....6.....3.4.....4.6.9.....1..82..4.6...7.9.1....6...7.8...1.,195472368684135927237986451523741896748629135961358274456213789812597643379864512
1..654..9..........46..1.....9.45........7.52......7.3.2...6.1...1.......639.2...,172654839395728164846391527739245681614837952258169743927486315481573296563912478
3.......1.92...3.....9.8.....13..57......1......8.2..3.8...36.292...5...7..1...9.,378246951492517386516938724241369578837451269659872413185793642924685137763124895
5968...........1.5.......2.1.5..2.8..48.6...2..3......3.9...45......8..94...3.6..,596821743832647195714359826165792384948163572273584961389216457651478239427935618
3.2............6.2....8.4.3..3.9...1..87....9.7.3.82..9..4..16.4...7..9..6.......,352641987784953612196287453643592871218764539579318246937425168421876395865139724
.....7.......5...3...6.41...8...1...3....26..61.4...72...14......8...3..5.3.78..4,956317248421859763837624195285761439374982651619435872792143586148596327563278914
.3491.27...2.5...95......4.....42.3...........5.1.37.6.............3796....62...3,834916275712354689569278341691742538273865194458193726326589417185437962947621853
.6.8.5..2.5.4..9...3.2..6....8....6.5...3....3....1...4.....51.1....8.......2..98,764895132251463987839217645918542763547936821326781459482379516193658274675124398
....69....65.....3...5......37....949.6......1..2.36.7.4.6....1.......2....15.7..,418369275765482913392571468237816594986745132154293687849627351571934826623158749
.7..58.4..85.1.32...42..6..3...2.4.....1.6.....2.83...8.....2.65...7......1....5.,273658149685419327194237685319725468758146932462983571837594216526371894941862753
....36...74.8.5...5.37.4...3.....849..9.......7....3..4...739.69....82........5.3,298136457741895632563724198312657849859342761674981325485273916936518274127469583
..81.7..4.6.42.31.....9.8..6..7....8....361.92.7................723..94........2.,328157694965428317741693852619745238854236179237819465493562781572381946186974523
..63..98....48...75.........24.6.7.3.7..38.9....74.....3....4......9..5........6.,746315982291486537583927146824569713175238694369741825638152479417693258952874361
...54...75......216....2...924..6....6...93...........1...37.5....2...6..7.6...43,219543687537968421648172935924316578765829314381754296196437852453281769872695143
..5..............619....7...7....9.....4.2.53..4..6...7..1.5.4...96....153.2....7,645721398287953416193864725372518964916472853854396172768135249429687531531249687
..8......29..64......1......4...9..8....2.4.....8.532..2.48..6.6...........6..519,358297146291564837476138952542319678183726495769845321925481763617953284834672519
..9.54........6.7.7......4.9....3....4.....688.36...2.5.43.879...249..8.....6....,189754632425936871736812549967283415241579368853641927514328796672495183398167254
.3...2.417.9....3..4..5..98987...........9....51.8.3.....9....5......4....8.31.2.,835792641719864532246153798987316254623549817451287369364928175192675483578431926
......4..91.58....6.5................34.958..8..1..2...86.519.2...2.61.......8...,728369451913584726645712389591827643234695817867143295386451972459276138172938564
.8.96.4.......8.....1..7.......2..67.6....5815...1...9.....1..4.9.....5.7.8..2..6,387965412426138975951247638814529367269473581573816249635791824192684753748352196
2.4..5.........3.97....3.2491.4.87.2...3..1......17.4..73.......2...18..5...9....,234975681685142379791863524916458732847329156352617948173286495429531867568794213
3....7.62.....19.8..1..8..7.....6....2.13....7..8........2.......8.7..59..6...3..,389547162572361948641928537194756823825134796763892415937215684418673259256489371
....7......28...431....6..9.2....46.46.....1.8.....3..67..318....462......3......,546379182792815643138246759327198465469753218851462397675931824984627531213584976
.3...254..2..1...6.....4.9......9...9.2..5......4.....8.6..14.2...9...18..1.5.3..,637892541429513876185674293564329187972185634318467925896731452253946718741258369
..8....95..2....6.......2.....2....1...9..75...3.768......9..13.3.81....2.6.57..8,648723195592148367371569284769285431824931756153476829487692513935814672216357948
9......58658..2.343.4..72..5...68..3...2.9.........9.6....5.....256.4...4..7.....,972346158658912734314587269597168423146239587283475916739851642825694371461723895
..1..5....3.......5.6.....71......3...54.6....6732.8.5..2.74..67....3.........1.2,871945263234617958596832417129758634385496721467321895952174386718263549643589172
.5...91....92.17..13...8..2.8.1.3.2...7.5.....95..2.8.9...............7.4.....89.,752439168849261753136578942684193527217856439395742681973685214528914376461327895
.....7..1.7..81.52..9...8..385....6......6.8...2.....75.3...9...17.....5.6.2.....,238457691476981352159623874385742169741596283692138547523874916817369425964215738
..37.6.14....9..3.5.....7....7.5....32...19.....2......6.3......4.915...7.1..4.9.,293786514174592638586143729417859263328461957659237481965378142842915376731624895
.7.......5.....2..89....47.2.........84.7....6.5..8.9.4...168..1..79.62....5....4,372945186541867239896231475217659348984173562635428791429316857158794623763582914
7..4..36...5.7.....46..........47.9...19.5...5..61.......3..4.73.27......5....9..,718429365935176284246583719623847591871935642594612873169358427382794156457261938
....9..2...5..6.7..9.2.43.6.2.9.3...6.35.7............9..1....31....56...47.3....,364791528215386974798254316521943867683517492479862135956128743132475689847639251
.5..2...8.96.3..5.3.....6....4....656.....8.1..18..29..6.34.5..9........4....8...,157426938896137452342589617284913765639752841571864293768341529923675184415298376
....1....7..3.9.2.....82.....9...38..7..91..442.8.....26..3.8.....2.....3...74.9.,532716948718349526946582173659427381873691254421853769264935817197268435385174692
....94..7.8........46....5...5..1.8.1..6.7.4..6..5.......54...6......2.....7.2..9,512894367387165492946273158795421683128637945463958721271549836859316274634782519
1....5......6....2.5....9..4.5.6.....3..1..........57..172...4369...4..13..7.....,186925437943678152752143986475862319839517264261439578517296843698354721324781695
71.63.......7.....39..4....85.............61...3.9....1.9.7.45..7....96.64....1.3,714632895286759341395148726851467239927583614463291587139876452572314968648925173
.314...5.5.7.8.6..............73...49.......5..6.9.8.1.83..14......7.1..6......9.,831426759547389612269517348128735964974168235356294871783951426495672183612843597
2.954.7...8...1.9....86...........6...21..8.9.9...64.5........41..6.......5...28.,269543718584271693713869542857492361642135879391786425976328154128654937435917286
..9.2..7.2....763.5....1..413....9..6..3....5..2......915.........6.....7...5.4.9,389426571241597638576831294134785962697312845852964317915243786428679153763158429
3...1562.....4....2....6..1..2.5.39....6...7.....321...5..79..41.......3.4...1...,394815627617243985285796431462157398931684572578932146856379214129468753743521869
4..2.......3.7..5...5..6..8...54.2.....9..3......37..5.9....4.3...79......6...98.,471285639683479152925316748369548271758921364142637895597862413814793526236154987
...8.9....3..2.......637.4..84.....7.....5..2..94...8526.9..3....8.7.......2.6.5.,645819723837524916192637548584192637316785492729463185261958374458371269973246851
.3496.2.....7...9.....428.....68...2...3.........21386.23..47.9..8.9...1.........,734968215812735694695142873341687952286359147957421386523814769478296531169573428
..1......5...6.8....793..4..7.....9.8.4.7.5.......9.1....7...6..154.8..9.........,461287953539164827287935641176352498894671532352849716948713265615428379723596184
..7.495...18......6....384..........7...96......4.5.3......1.5...63...1....67.38.,327849561418562973695713842541237698783196425269485137834921756976358214152674389
..9.6.5...8..3....5...1.3.8..85.16.......3.7..7..26.39617...9...5.........2......,439268517781935426526714398398571642264893175175426839617382954953647281842159763
9.......6...2...59.8.........6.3....2.3.59...15.6......673.2.....591...7...5..3..,931475826674283159582196734796831245243759618158624973867342591325918467419567382
...5...6....4....2.9...31..........94.3...6........3212.1.75..6..9.....3..49.2.5.,342581967817469532596723184165237849423198675978654321281375496759846213634912758
.57.4..6.9.6.........52....2...54...5.38....2........4..4....89....3..5..7...84..,157943268926781345438526971261354897543879612789612534314265789892437156675198423
4.1..7.8..7.5......5..81.3...2.1..5.....53............1....8.42...1..86.63...47..,421397586873546291956281437382719654769453128514862973195678342247135869638924715
..7....5..6.......5....8.2....17..48....52..7..3........1.8....4.87.3....3.465...,387921654962547831514638729295176348846352917173894265651289473428713596739465182
68..531....3.18...4..76......6..73..1..6.....5...31..........7..41....6.7.5....2.,687453192953218647412769538826547319139682754574931286398126475241875963765394821
.73....6...2.....5.9.5.....3..25.....8..367....9.4.....68...9...54.2.........9.7.,573194268812673495496582137347251689185936742629748351768415923954327816231869574
..2..1....86..4.2.17..62..........87....1.5......8.169.1..576.2.......4...4.2.8..,542831976986574321173962458651349287829716534437285169318457692265198743794623815
......6.....5..8....5....17...8.....8..96.35.....34.....9.7143..46..91...376.....,328197645714526893965483217493815762871962354652734981589271436246359178137648529
86.47....3....8.....516.......2..8...5.6..1.7.8...15....1.26.8.......7....7.45..2,869473251312598476475162938194257863253684197786931524541726389628319745937845612
....2..6...9...85...4.8.2.1....79.8.8....56..6...1.5.4.......4.7..49...6...2.7...,387521469219764853564983271451679382892345617673812594928136745735498126146257938
..2.4.83......6.2.....37.1...4153..........4..3.6..5..4.5.....772.4.......3..8..1,572941836319586724846237915294153678657892143138674592485319267721465389963728451
...2...1..3.4.............2....1.3..96.3....8.7....16...6..3.71892.4.......6.9...,687295413239461785145738692528916347961374258374582169456823971892147536713659824
.5..2..........6....291...5..4......91...4.3...8..29..24.....6...9.3...4.6..598..,457623198891745623632918475324197586916584237578362941245871369189236754763459812
4...8....97.3...1.....7...6...5...9......4.5.....184.......3....51...3.47.....9.1,425681739976345218318279546164532897287964153593718462849123675651897324732456981
...4...2136...1.5......2...13.....7.4.6.5....9.5.74.1..5....1...4.....32.......95,897465321362981457514732968138629574476153289925874613753298146649517832281346795
2.9.5........4.......7....4.3.....9...4..93.2.58.37.6.5.....1....35.4....6......9,249851637716943825385726914132465798674189352958237461527698143893514276461372589
.2..9..75.....8.6....7..1.....6.921.....71..4.8...46..8.......1.652.....14...7...,328196475417358962659742183574639218236871594981524637893465721765213849142987356
.6...32..1..5.......3.6.9.5.8....4..63..9.5.....1.2.9.........28..2.4.6....3861..,569743218178529643423861975982657431631498527754132896346915782815274369297386154
.4.6...1...7.98...8..2.1.79.9...54....4...76..1.7..9..6...8......5.......21...6..,942657813157398246863241579796835421534912768218764935679483152485126397321579684
........53.......6...413....2.6.....53.7.21.496..3..2..5......249.2.56.7.........,742869315319527486685413279124658793538792164967134528856371942491285637273946851
.......24....1.7....24..69.....3.8...84..9.3761........7.2..........1.4...6...1.8,851796324469312785732485691927534816584169237613827459175248963398671542246953178
.7.5.2....4..31.7..3.4...595.......7..3....6..267.41......76.4.......6.........2.,679582314245931876138467259514623987793815462826794135982176543357248691461359728
.547.9.....1.......7.528...9.2.........3.5....87..4.9..9....4......713.87.8......,654719832821643759379528614932187546146395287587264193293856471465971328718432965
689.......4.6........15.8.............58...6.79.....2.47...1..2..658..74...7...9.,689423157541678239237159846364295718125847963798316425473961582916582374852734691
..1.5...6.5.1...7828.69..3..1.37...29.....357.........3...8.....68.2.1.......3...,731258946659134278284697531516379482942816357873542619325981764468725193197463825
..762..38.24....1.8....3.9....4....7....7..6...3..2....982....62..9.....43...8...,917625438324897615865143792659481327182379564743562981598234176271956843436718259
....1..5....4..3.......6.7..4..2.73.16......8..75.4.613...67....8...2....153.....,673218954829475316451936872548621739162793548937584261394867125786152493215349687
1..........769.8......4.795..6.....84.....15..58....7....4..2......8...69..7...4.,192578364547693821863241795216957438479836152358124679635419287724385916981762543
64..73....1........8...6.5..7.2.5.3.....6.21.42..8...7....17..6.......8.3.......4,645173892917852643283946751176295438538764219429381567894517326762439185351628974
.4.....9.3...............45........1...2..5...97.5642.1.3..7.69.7432.....5..6....,748615392325984617916732845562473981431298576897156423183547269674329158259861734
9.43....73..5....46...7.........29.3.2.6...4.5...9..7..1..............2......165.,984326517372519864651478392146752983729683145538194276215867439863945721497231658
...19.....1....74.8.....2..6..5.1.2...2.86.751..9....4..4...........29..7.5....8.,276194358519238746843765291637541829492386175158927634964873512381452967725619483
.....1.....5....4..1....5.7.8..42.6.5...7......7..6...4..29518.92.4.....1..6..4..,742851936635729841819364527381542769564973218297186354476295183923418675158637492
......3.1...18....9..32..5..3..698..5...1......9......2.6...4.345...6..9.....81..,875694321623185947914327658732569814568413792149872536286951473451736289397248165
2.6.7....5....2.....36..7.......7....9.4.3.6..6.9...........54.9.25...1.1....492.,286175439579342681413698752325867194791423865864951273637219548942586317158734926
4.5.....8.7.8..3.2....517.4....2..6..1...6.27..3........1........47.....28..45...,495372618176894352832651794748129563519436827623587941351268479964713285287945136
...14......682...........5......2.4...4.382.6.2..6...3.58.7...47..6...31.....48..,587143629496825317231796458863912745174538296925467183358271964742689531619354872
8.6...4.......3..6.4..7.8..4.8..59....5..6.1..7.1....8....9.6.1.....1.....7.6.3..,896512473752843196341679825418735962235986714679124538583297641964351287127468359
.8.......9..4..2....4.39..62...6...7........2.37.5..8.3...8..258....7....7.9..4..,583612974961478253724539816295861347418793562637254189349186725852347691176925438
3..1.4867...3.....8.4.2...5.......7.7.6...5.8.4.5...3.53............745......21..,325194867671385942894726315953861274716243598248579631539418726182637459467952183
...8..4.33....6....74.2.81...6.7.9.4...3.4...........8...18..3.....6.287..7......,692851473381746592574923816136578924258394761749612358425187639913465287867239145
8.........963..8...3.....95....9..3....7..9.....5...6.6.....21..2..38.59.751.23..,841259673596317842237486195462891537358764921719523468683975214124638759975142386
....42..6..386.4......9......6..4.....4...9.3.9..31.2.6.9...8.....2..1...8.....95,978142536253867419461395278536924781124678953897531624619753842345289167782416395
9.........5....6.13...8...7.35..9..2....6..3826...87.......2.9.7.9......62......3,976421385458937621312586947835749162197265438264318759543172896789653214621894573
6......4...5...2.3...6935.....8....7......3.83....24....7.6....4....5...8.34.9..2,631527849795148263248693571952834617174956328386712495527361984419285736863479152
..279.386..7..........62...........5......92.9.....1682.6351..9.5.6...3.8...29...,512794386467813592398562417621938745785146923934275168246351879159687234873429651
...9...468.9.....2.4...7.8......6....825.......4..21.9....1.....612.8.........52.,127985346859643712346127985513496278982571634674832159295314867761258493438769521
..2.5.....64.....2......58..8.....15.9.....4...61..3.99..8.26.1..59.4.3..........,832751964564398172179246583283469715791523846456187329947832651615974238328615497
....32..7..7.9.543......9.6....5..9...4..8...95.37.6.....4...7.....63..97.3.2....,469532817827691543135847926381256794674918235952374681516489372248763159793125468
8...1............6...24.37..28.....7......6.......3..86.79.......3..6.1249.3.....,839617254274539186156248379328164597745892631961753428617925843583476912492381765
.......9.98.....71....4.....3...46.9.768..3..........4..73.1...81..6...5..4..5...,245173896983652471761948523538724619476819352129536784657391248812467935394285167
.4...8.32.3........5.1.2..........4...5..96.3.812...95...6..3.921.....6......5..4,147568932632497851859132476796351248425879613381246795578614329214983567963725184
84.5.3...5........761......3.6........7..5.8....731.........14.4..38...2..5.1486.,842573691593162478761849235356428917127695384984731526638257149419386752275914863
...71..2.82......6......5....137..4.3..5.......4.6....2..1.......7......56..438..,496715328825439176713628594681372945372594681954861732238157469147986253569243817
.3.9.8....6.3..75.5.2.7...96.9...58.2.....4...8.6........26.......8...744........,731958642968342751542176839679421583215783496384695127897264315156839274423517968
172........397....6.........3146...28.....3....6.9.41.....2...748......9.....8...,172386954543972168698154273931465782854217396726893415315629847487531629269748531
9...21.8......6....62.5.....793...2...3.98...85.......2....9.75..1.8....53.....1.,945721683318946752762853149679315824123498567854672391286139475491587236537264918
39..567..5.2....637.6....8.4.5.............3.6..8.29.......5.7......3..4.....92.5,398156742542798163716324589475931826289567431631842957924615378157283694863479215
..5...6.........3.8325.....49........63..2.51...64....9.4...........12.8..6...39.,145839672679124835832576149498315726763982451521647983984263517357491268216758394
.....2...9..5.8......7...8..1.93..7..35.1.........72...6......7..71.3..61......98,486392751971548632352761984218936475735214869649857213563489127897123546124675398
...9..6.3..........793.4...5...4........9685.16...5.3.7.....36..4..8...7.....1..9,285917643314568792679324185598143276437296851162875934721459368943682517856731429
.69..1......5...3...3.....4...2...93......26...5.6..48....8.1...1.4.6.8.9.......5,469321857871594632253678914648217593397845261125963748534789126712456389986132475
1.......9.8.2.37..29...5...82.3.........5.98....7....4.1...2..3.3.....75.......4.,173486529485293761296175438821349657347651982569728314714562893638914275952837146
...7.9.841...2..3.9..5.37.1.1......5.......9..3.2............484.1.5.....728....9,326719584157428936948563721219347865764185392835296417593671248481952673672834159
..85..2..3...6.....6..3...81......4..2.3...6......1......2.4.71.51..7..4.4....62.,478519236312468597569732418195826743824375169736941852683254971251697384947183625
...1....48..49..2.9...3...8.8....2......14.3.2....9..........43.5382..6.6.1......,362158794817496325945732618184673259579214836236589471728965143453821967691347582
...68....2..........19.34.7..237..6.7...1.......2...4.1.34.....42...7.8..87.6....,374685192295741638861923457512374869749816523638259741153498276426137985987562314
.......52..7.9.4....63.......95..8.....93..2..5..6..3....7...6..9...2..8......3.7,934178652517296483826345791349521876678934125152867934481753269793612548265489317
...4.1..2..7...5...4..9.....9.......7126....46..129..742.96...1....8.4...........,859471632167832549243596178598347216712658394634129857425963781971285463386714925
..9......24..968.77....2.......8.2.1......79.62...1.58.92....741.75....2.8.......,369718425245396817718452963973685241851234796624971358592863174137549682486127539
2...5...4........7.......125.748..3...6..24...82....65..52..1.......35..1.4.....6,261957384843621957759834612597486231316572498482319765975268143628143579134795826
..5..23........7..3.17...46.4..7.13.............8..5....8.4..61..71..28..5.2.....,765482319984631752321759846542976138879315624613824597238547961497163285156298473
5.8.6.4......5...22..8.....8.13.5..4.26.4.3..........8.......6.1..2....9.....315.,598762431613459782247831596871395624926148375354627918789514263135276849462983157
....5.189..9..25...8...3..2.9.....26......8..2.....39..1.6...3843..8..5..5.2..61.,324756189679812543581493762895371426163924875247568391712645938436189257958237614
...8.6...12.......6..9..2.74.....6..716.4.9..9...3.....3....8....1...39.2....8...,375826149129473568648915237453789612716542983982631475537194826861257394294368751
.......3.2.43..875..9...2.6...2.86.3.2..46.....8......39.4......7.....5.842.....9,687524931214369875539781246451278693923146587768935124395412768176893452842657319
2..57..46..1.4...58..2.....9..68..7.....9.........21..56...4.....48....2....1....,239571846671348295845269317912685473453197628786432159568724931194853762327916584
..13.679..9...2..6.4..1...896.......4..63........79.2.2.8......1..2...3..........,821356794795842316346917258967521483412638975583479621238194567174265839659783142
....9.......23.48......4.2..6..4...7...1.7.......65.....1..9.3.6.....2.14.2.5.6..,324598716179236485586714923865342197943187562217965348751629834698473251432851679
74.1...2...1...6..2.64....9...6...94....2..5......72....25...7....9.........48..6,748169325931752648256483719327615894689324157514897263892536471463971582175248936
5.1...8..2......9..3..761.21.58..2.......2..........5..5..9.6...97.31.....6......,571429863264318795938576142145863279783952416629147358352794681897631524416285937
7..8.....19...7....369...2....5...62..8....313.12....5....9......3....76...623...,745862319192357684836914527479531862258476931361289745624798153983145276517623498
8..3.6..4.92......6.4...........3...3.6.2.7.1...87.4....84..9...4......67.9.8...2,857316294192748635634259178471563829386924751925871463568432917243197586719685342
.8..2...3..1.752...7.......729...1....3.....8..8.1473.1...53...95.74.............,685421973391875246274639581729386154413597628568214739142953867956748312837162495
.92.1....8....4....1.7...2.16..7......5.42..74..69.8.5.7.......6..1....42.....5.1,792816453836254719514739628163578942985342167427691835371485296659127384248963571
....91.4......87.5...34789..4.1.....9...5.4.....82......5.7...3..........824.3.7.,876591342394268715251347896547139268928756431163824957415972683739685124682413579
..537.9....2614..37.3.....12......16..9....3.6..5.......6.2..5949.........7......,165378942982614573743295681254739816879461235631582794316827459498156327527943168
..8....2.7.......345.......3......9....2..4.8.76.......3..74.8.9...8...6.....3.79,168395724729146853453728961342851697591267438876439215635974182917582346284613579
.6.8....1......57.....5.....53...6...1...8..36......2..89.31...3...72...2..5...1.,965827431824193576137456298753219684412768953698345127589631742341972865276584319
..5...142..17..6..........5......714.........57.2..9.....5.94.3.2916....4....7...,765398142231745689948612375682953714193476528574281936817529463329164857456837291
.7...82....34...69..45........8..53.5.......6...6...9.4....9.8...8..4....9...73..,176938245853472169924516873769841532582793416341625798437259681218364957695187324
1....2..6.7.3.4..5.4......24.38.5.....56.....................5.32..86.....64.1.7.,138752496672394815549168732463815927295647381781923564814279653327586149956431278
...1.38...4..5.6........9......95.......4.2....13....6.1...6...69..2.4.54.8......,759163824842957631136284957324695178567841293981372546215436789693728415478519362
..67..15.1.4...9..5.2..8........6..7....9......9....8..6...4..94..8...7..81.7...4,896743152174625938532918746213586497658497213749231685367154829425869371981372564
..27.6..37.8...5..39......2...38.9.4...2...87.......5...59.4....3...2.7...6....3.,512796843768423591394851762627385914451269387983147256175934628839612475246578139
.5....748.........4.2...65..1...7.2.........55.64....3.2......18....3..6..152....,153269748769845312482731659318657924274398165596412873627984531845173296931526487
..6.....1.3....875......9...5.7...968.1.....7.7....1.39.2....1..8.2.1....6..3....,796582431234196875518374962453718296821963547679425183942657318387241659165839724
.6...1....87...1......7.26457.29.6.11.2.....5..95..................69.....6.8.95.,463921578287654139951378264578293641132846795649517382794135826825769413316482957
62.4.....7..5.......9.....4.....2.19..31.6...5...3.7......2..9...1......974..5..6,625493187748561932139287654467852319893176245512934768356728491281649573974315826
.3.....6..753..81.4.21........72..........3.......1...2.481..5.7....3..6..35..72.,138975264675342819492186537346728195817659342529431678264817953751293486983564721
.39.7...4..74..9.1...9...8554..8...7......2....3..1...49.5.8....7..39............,139875624857426931264913785546382197718694253923751846491568372675239418382147569
1.23.6...75..983..6........86..751......2...7......9.....8...21.2....65.......8..,192346578754298316683517294869475132315629487247183965936854721428731659571962843
.5.....1....5....4613..............7....361..9..78436.13.....58..6.4.9..57.......,457923816892561734613478592368159427745236189921784365134697258286345971579812643
..5.......62...1...9.....73..973...2...26.8....7.51.36.18...36.2..5.....5.3...2..,135697428762348159894125673689734512351269847427851936918472365246583791573916284
.38.2..7.4...5.3.1.....6.......8.4...1.5.......7.....5.5.1..2..7....8.3...4.6....,538421679476859321192376854965782413813594762247613985659137248721948536384265197
67.2..1....3...7..41.......1....32..........9...4.6...9..7.134.3.....6.....8.9..1,675298134293614785418357962147983256836125479529476813952761348381542697764839521
.56..........7..9.7.2..5..8...3..1.2.......57....1.......6.98...2.......3.7.586..,956283714483176295712945368564397182231864957879512436145629873628731549397458621
.....8.........72..12.6..53.871.......9.....6.....98...6....2.1.3..........8.7.9.,573298164694513728812764953287156349149382576356479812768945231935621487421837695
..7..6...86...9....3.8......7..2.....9.4.78.3..1....6...2.3.....1.....79.8.1.....,127346958864259317539871642378625491695417823241983765952734186413568279786192534
.7........31.8...7...6.......2..9.4..1..2..9...67.38.....8.....4....6..81.7.....2,674291385231584967598637214852169743713428596946753821365812479429376158187945632
98.5....3...6.2..5..28..19.....1...9.5.....8..2..6......62...377.........9...3.1.,987541263431692875562837194674318529159724386328965741816259437743186952295473618
.......24.....1895..2...1....732..1......73....19.8..2.2.....5.8.4..9...9......37,518793624736241895492685173687324519249157386351968742123476958874539261965812437
.2..6584.51...96.3..423.9....9.....6.........3.8........2.16.8.13.4.....8..52.4..,923165847517849623684237951249381576761954238358672194492716385135498762876523419
3.86....2.6...........8..7.......9...2.....314...3..8.2...7.8.3.17.....6...1...4.,378694152564217398192385674783421965629758431451936287246579813917843526835162749
.........6...1.3.....5....1.283....4.1...26..3...487.2..2.3....1......9...6.24..8,251473869684219375937586421728365914415792683369148752892631547143857296576924138
...6..3.4..4..7..1....98.7.....4...9...7..2....1.82...4...........8137..7...2.69.,879651324654237981132498576327145869548769213961382457485976132296813745713524698
....25..9.3....5..4...7..8.......73..........7.8...265.5.....9..892..4....6..8..2,867125349931846527425379681692581734543762918718934265254617893189253476376498152
2....76..754.6..9..6......3....38..2...5.24........8.5.7...4...9....3.4.6..2.....,239857614754361298861429753495738162386512479127946835578194326912683547643275981
6.34...9..7.......8.....6..986.3.7.....89.4.6....1....435..7......6.......73418..,623478591579163284841529673986234715712895436354716928435987162198652347267341859
..1..2.....26...7.7..3..4...36......9..7....15...63.2.2....7..4..9...2...7.1.....,481972536392645178765381492836219745924758361517463829253897614149536287678124953
.......8....8..5.37.9..5..6........7.9.6...28..62..3.43.....6..6.49.3.....874...5,135469782462817593789325416241538967593674128876291354357182649624953871918746235
.......93.....5..4..1......5.41...788..6...1....8.7..5.485.6...19..3.4....3..1.8.,785462193936715824421389567564193278872654319319827645248576931197238456653941782
8....51......3.8...37....9.2....7.8...5...621.1..9.....2..1.....56...7.2..9....5.,892475136641239875537861294264157389975348621318692547723514968456983712189726453
....9..6.....1.4.....3...8968.....2.7.3...1....148..3..1......2...2.6.....6..1..3,872594361369812475154367289685173924743629158291485736517938642938246517426751893
9..1....743.....5..........2.97.3.4.....419...5.9..3.......97.6.63415.2......6...,925138467431697258687254193219783645376541982854962371548329716763415829192876534
...........4.....93..8..52..2....91......13..84........153.64....918...54...59...,182935746754612839396847521523468917967521384841793652215376498639184275478259163
..8.7...1....3.....9....8.......3.....4....8.8..2.761...9.1..7...78.92.4.36.2....,368472951145938762792156843971683425624591387853247619289314576517869234436725198
.5..2......7......8.1.942..1......52..82..37...45..9....2...84......81......3....,953826714247315698861794235176983452598241376324567981712659843635478129489132567
..8.6....49..3.5....59..82.......6.7...........7...2..7..6.9....4...29..5..7....4,138265749492837516675914823954321687263578491817496235781649352346152978529783164
.1..8.7...6.7......34.1...2.......8.6..2....7.98.......4...6.133....72....1..4...,215483769869752431734619852172965384653248197498371526547826913386197245921534678
....15.7...4..76.8...84.......2....54...7..3...2..81....35...64....8.5.....4.6..2,829615473514937628367842951731264895458179236692358147983521764246783519175496382
8..73.....59..4..3..7..9.1.4...8..2........9..7.9....5....258.......1.32...3..954,812736549659214783347859216496583127523167498178942365934625871785491632261378954
3.4.......754.......8..9..2....123..5....7.1.....5.98........5.1....47...47...1..,394126578275438691618579432769812345583947216421653987932761854156384729847295163
...43....6.....4..7......6..6..9...24..1...79....7.64.153..9.......1.....9...72.5,981436527635782491742951863367894152428165379519273648153629784274518936896347215
.9..8.2..73.6.1.9..5..2.7.3..9.7.3.1..............9..5...7.....5....8...1.6..58.7,491387256732651498658924713249576381865132974317849625984713562573268149126495837
......8.4..8...265.......3.2...4.3...5.236...8.4.5.9....51........6...81.61..3...,573962814198374265642518739216849357759236148834751926485127693327695481961483572
9.....8..7.314...9..2..6.....6814.....1.2..7......3...2..469.1........2.....3.7..,964257831753148269812396457576814392381925674429673185237469518645781923198532746
...8....4....36.1...3...8.543...1....29..5.8.5.1.2.6.....563..........521..4.....,912857364845936217763214895437681529629345781581729643294563178376198452158472936
......8....28...7.73....1.22.1...5...459..3.......1..9..3.8...14...1..2..7..4....,954127836612834975738695142291378564845962317367451289523786491486519723179243658
..5.......9..3.8..84.2.........9..6..3..54..91..3...5456.......2.1.......8.....35,315876942792435816846219573458792361637154289129368754563981427271543698984627135
65....7........1....7....68.86.9.24.2....89.....16....912.4......4...8.......6..4,658214739349687125127359468786593241231478956495162387912845673564731892873926514
...96........8..4....1...8....4....8.1.......8.9.21.74.9........67..2..52.48.9.1.,385964721671285943942137586726493158413578269859621374598716432167342895234859617
.3.....7.1..83..2.2.5...4...5.386...8..27.............72.14.6....6...3..54...7.8.,634952178197834526285761493459386712861275934372419865728143659916528347543697281
.69..84..4.....9..2..1.......4.8.65.7.5..4..2...2.1...9.....7....1....6...67..2..,569378421417526938238149576124987653785634192693251847952863714871492365346715289
......5..32.65.......9.4...98....37...4.........46..8.5.2.....66.9.3.2...48......,491382567327651498865974123986215374714893652253467981532749816679138245148526739
.....2..712........3....8....71...8..9...87.38...6........5...1.53.......8...6.32,568932147129784356734615829347129685296548713815367294472853961653291478981476532
12..5...6.78......69...3.1.78..362...32.........7....9..6.157......87........95..,124958376378164925695273418789536241432891657561742839946315782253687194817429563
.2..7...4..49....3.98..27...4...89.........3......78..53..........3.9.5...9.24..1,126873594754961283398452716245138967987645132613297845531786429472319658869524371
......6..1.....97...8756.3......8....3..2.5...2..9...17..28..9.3....7....9.1...5.,273419685156832974948756132614578329839621547527394861761285493385947216492163758
..5...21.8.7..4...........779..6................912....2..7...44...5.8.2519....76,945736218867124539231895647792563481156487923384912765628379154473651892519248376
.4..9357.........98....64.353.2.76...7..4..35...3........8...4.......2......64.57,246193578357428169819576423531287694972641835684359712765832941493715286128964357
...........8.....22...7.9.1.2.7.5.9.......8....1.986.54..2...6.1.74.....59.8..4..,975182346618934752234576981826745193359621874741398625483217569167459238592863417
...4..7....6.3.....4.......9.17....3.7..6.8..3....46....859...6..3..71.....8.14..,132459768756238914849176352961782543274365891385914627418593276523647189697821435
